"id","createdOn","modifiedOn","willowId","fieldHeadingId","fieldConfigurationId","description","name","defaultValue","mandatory","fieldOrder","property"
"1","2017-04-09T12:00:00","2017-04-09T12:00:00","NULL","103","101","Enter your street address","Street","NULL","0","2","street"
"2","2017-04-09T12:00:00","2017-04-09T12:00:00","NULL","103","101","Enter your residential suburb","Suburb","NULL","0","3","suburb"
"3","2017-04-09T12:00:00","2017-04-09T12:00:00","NULL","103","101","Enter your residential country","Country","NULL","0","4","country"
"4","2017-04-09T12:00:00","2017-04-09T12:00:00","NULL","103","101","Enter your residential postcode","Postcode","NULL","0","5","postcode"
"5","2017-04-09T12:00:00","2017-04-09T12:00:00","NULL","103","101","Enter your residential state","State","NULL","0","6","state"
"6","2017-04-09T12:00:00","2017-04-09T12:00:00","NULL","103","101","Enter your home phone number","Home phone number","NULL","0","7","homePhoneNumber"
"7","2017-04-09T12:00:00","2017-04-09T12:00:00","NULL","103","101","Enter your work phone number","Business phone number","NULL","0","8","businessPhoneNumber"
"8","2017-04-09T12:00:00","2017-04-09T12:00:00","NULL","103","101","Enter your fax number ","Fax number","NULL","0","9","faxNumber"
"9","2017-04-09T12:00:00","2017-04-09T12:00:00","NULL","103","101","Enter a 10 digit mobile phone number","Mobile phone","NULL","0","10","mobilePhoneNumber"
"10","2017-04-09T12:00:00","2017-04-09T12:00:00","NULL","103","101","Enter your date of birth in the format dd/mm/yyyy","Date of birth","NULL","0","11","dateOfBirth"
"11","2017-04-09T12:00:00","2017-04-09T12:00:00","NULL","103","101","Enter your gender","Gender","NULL","0","12","isMale"
"12","2017-04-09T12:00:00","2017-04-09T12:00:00","NULL","103","101","Special dietary requirements, allergies, accessibility or medical considerations","Special dietary requirements, allergies, accessibility or medical considerations","NULL","0","13","specialNeeds"
"13","2017-04-09T12:00:00","2017-04-09T12:00:00","NULL","104","101","E-mail","E-mail","NULL","0","15","isMarketingViaEmailAllowed"
"14","2017-04-09T12:00:00","2017-04-09T12:00:00","NULL","104","101","Post","Post","NULL","0","16","isMarketingViaPostAllowed"
"15","2017-04-09T12:00:00","2017-04-09T12:00:00","NULL","104","101","SMS","SMS","NULL","0","17","isMarketingViaSMSAllowed"
"16","2017-04-09T12:00:00","2017-04-09T12:00:00","NULL","105","102","Enter your street address","Street","NULL","1","2","street"
"17","2017-04-09T12:00:00","2017-04-09T12:00:00","NULL","105","102","Enter your residential suburb","Suburb","NULL","1","3","suburb"
"18","2017-04-09T12:00:00","2017-04-09T12:00:00","NULL","105","102","Enter your residential country","Country","NULL","1","4","country"
"19","2017-04-09T12:00:00","2017-04-09T12:00:00","NULL","105","102","Enter your residential postcode","Postcode","NULL","1","5","postcode"
"20","2017-04-09T12:00:00","2017-04-09T12:00:00","NULL","105","102","Enter your residential state","State","NULL","1","6","state"
"21","2017-04-09T12:00:00","2017-04-09T12:00:00","NULL","105","102","Enter your home phone number","Home phone number","NULL","0","7","homePhoneNumber"
"22","2017-04-09T12:00:00","2017-04-09T12:00:00","NULL","105","102","Enter your work phone number","Business phone number","NULL","0","8","businessPhoneNumber"
"23","2017-04-09T12:00:00","2017-04-09T12:00:00","NULL","105","102","Enter your fax number ","Fax number","NULL","0","9","faxNumber"
"24","2017-04-09T12:00:00","2017-04-09T12:00:00","NULL","105","102","Enter a 10 digit mobile phone number","Mobile phone","NULL","0","10","mobilePhoneNumber"
"25","2017-04-09T12:00:00","2017-04-09T12:00:00","NULL","105","102","Enter your date of birth in the format dd/mm/yyyy","Date of birth","NULL","1","11","dateOfBirth"
"26","2017-04-09T12:00:00","2017-04-09T12:00:00","NULL","105","102","Enter your gender","Gender","NULL","1","12","isMale"
"27","2017-04-09T12:00:00","2017-04-09T12:00:00","NULL","105","102","Special dietary requirements, allergies, accessibility or medical considerations","Special dietary requirements, allergies, accessibility or medical considerations","NULL","0","13","specialNeeds"
"28","2017-04-09T12:00:00","2017-04-09T12:00:00","NULL","106","102","E-mail","E-mail","NULL","0","15","isMarketingViaEmailAllowed"
"29","2017-04-09T12:00:00","2017-04-09T12:00:00","NULL","106","102","Post","Post","NULL","0","16","isMarketingViaPostAllowed"
"30","2017-04-09T12:00:00","2017-04-09T12:00:00","NULL","106","102","SMS","SMS","NULL","0","17","isMarketingViaSMSAllowed"
"31","2017-04-09T12:00:00","2017-04-09T12:00:00","NULL","107","102","In which country were you born?","Country of birth","NULL","0","19","countryOfBirth"
"32","2017-04-09T12:00:00","2017-04-09T12:00:00","NULL","107","102","What language do you normally speak at home?","Language spoken at home","NULL","0","20","languageHome"
"33","2017-04-09T12:00:00","2017-04-09T12:00:00","NULL","107","102","How well do you speak English?","English proficiency","NULL","0","21","englishProficiency"
"34","2017-04-09T12:00:00","2017-04-09T12:00:00","NULL","107","102","Are you of Aboriginal or Torres Strait Islander origin?","Indigenous status","NULL","0","22","indigenousStatus"
"35","2017-04-09T12:00:00","2017-04-09T12:00:00","NULL","107","102","What is your highest completed school level?","Highest school level","NULL","0","23","highestSchoolLevel"
"36","2017-04-09T12:00:00","2017-04-09T12:00:00","NULL","107","102","In which year did you complete that school level?","Year school completed","NULL","0","24","yearSchoolCompleted"
"37","2017-04-09T12:00:00","2017-04-09T12:00:00","NULL","107","102","Are you still attending secondary school?","Still at school","NULL","0","25","isStillAtSchool"
"38","2017-04-09T12:00:00","2017-04-09T12:00:00","NULL","107","102","What is the highest qualification level you have successfully completed?","Prior educational achievement","NULL","0","26","priorEducationCode"
"39","2017-04-09T12:00:00","2017-04-09T12:00:00","NULL","107","102","Which category best describes your current employment status?","Employment category","NULL","0","27","labourForceStatus"
"40","2017-04-09T12:00:00","2017-04-09T12:00:00","NULL","107","102","Do you consider yourself to have a disability, impairment or long-term condition?","Disability type","NULL","0","28","disabilityType"
"41","2017-04-09T12:00:00","2017-04-09T12:00:00","NULL","108","103","Enter your residential suburb","Suburb","NULL","0","2","suburb"
"42","2017-04-09T12:00:00","2017-04-09T12:00:00","NULL","108","103","Enter your residential postcode","Postcode","NULL","0","3","postcode"
"43","2017-04-09T12:00:00","2017-04-09T12:00:00","NULL","108","103","Enter your residential state","State","NULL","0","4","state"
"44","2017-04-09T12:00:00","2017-04-09T12:00:00","NULL","108","103","Enter a 10 digit mobile phone number","Mobile phone","NULL","0","5","mobilePhoneNumber"
"45","2017-04-09T12:00:00","2017-04-09T12:00:00","NULL","109","104","Enter your street address","Street","NULL","0","2","street"
"46","2017-04-09T12:00:00","2017-04-09T12:00:00","NULL","109","104","Enter your residential suburb","Suburb","NULL","0","3","suburb"
"47","2017-04-09T12:00:00","2017-04-09T12:00:00","NULL","109","104","Enter your residential postcode","Postcode","NULL","0","4","postcode"
"48","2017-04-09T12:00:00","2017-04-09T12:00:00","NULL","109","104","Enter your residential state","State","NULL","0","5","state"
"49","2017-04-09T12:00:00","2017-04-09T12:00:00","NULL","109","104","Enter your residential country","Country","NULL","0","6","country"
"50","2017-04-09T12:00:00","2017-04-09T12:00:00","NULL","109","104","Enter your home phone number","Home phone number","NULL","0","7","homePhoneNumber"
"51","2017-04-09T12:00:00","2017-04-09T12:00:00","NULL","109","104","Enter your work phone number","Business phone number","NULL","0","8","businessPhoneNumber"
"52","2017-04-09T12:00:00","2017-04-09T12:00:00","NULL","109","104","Enter a 10 digit mobile phone number","Mobile phone","NULL","0","9","mobilePhoneNumber"
"53","2017-04-09T12:00:00","2017-04-09T12:00:00","NULL","109","104","Enter your date of birth in the format dd/mm/yyyy","Date of birth","NULL","0","10","dateOfBirth"
"192","2017-04-09T12:00:00","2017-04-09T12:00:00","NULL","101","-1","Enter your street address","Street","NULL","0","2","street"
"193","2017-04-09T12:00:00","2017-04-09T12:00:00","NULL","101","-1","Enter your residential suburb","Suburb","NULL","0","3","suburb"
"194","2017-04-09T12:00:00","2017-04-09T12:00:00","NULL","101","-1","Enter your residential country","Country","NULL","0","4","country"
"195","2017-04-09T12:00:00","2017-04-09T12:00:00","NULL","101","-1","Enter your residential postcode","Postcode","NULL","0","5","postcode"
"196","2017-04-09T12:00:00","2017-04-09T12:00:00","NULL","101","-1","Enter your residential state","State","NULL","0","6","state"
"197","2017-04-09T12:00:00","2017-04-09T12:00:00","NULL","101","-1","Enter your home phone number number","Home phone number","NULL","0","7","homePhoneNumber"
"198","2017-04-09T12:00:00","2017-04-09T12:00:00","NULL","101","-1","Enter your work phone number number","Business phone number","NULL","0","8","businessPhoneNumber"
"199","2017-04-09T12:00:00","2017-04-09T12:00:00","NULL","101","-1","Enter your fax number number","Fax number","NULL","0","9","faxNumber"
"200","2017-04-09T12:00:00","2017-04-09T12:00:00","NULL","101","-1","Enter a 10 digit mobile phone number number","Mobile phone number","NULL","0","10","mobilePhoneNumber"
"201","2017-04-09T12:00:00","2017-04-09T12:00:00","NULL","101","-1","Enter your date of birth in the format dd/mm/yyyy","Date of Birth","NULL","0","11","dateOfBirth"
"202","2017-04-09T12:00:00","2017-04-09T12:00:00","NULL","101","-1","Enter your Gender","Gender","NULL","0","12","isMale"
"203","2017-04-09T12:00:00","2017-04-09T12:00:00","NULL","101","-1","Enter your ABN","ABN","NULL","0","13","abn"
"204","2017-04-09T12:00:00","2017-04-09T12:00:00","NULL","101","-1","Special dietary requirements, allergies, accessibility or medical considerations","Special dietary requirements, allergies, accessibility or medical considerations","NULL","0","14","specialNeeds"
"205","2017-04-09T12:00:00","2017-04-09T12:00:00","NULL","102","-1","E-mail","E-mail","NULL","0","16","isMarketingViaEmailAllowed"
"206","2017-04-09T12:00:00","2017-04-09T12:00:00","NULL","102","-1","Post","Post","NULL","0","17","isMarketingViaPostAllowed"
"207","2017-04-09T12:00:00","2017-04-09T12:00:00","NULL","102","-1","SMS","SMS","NULL","0","18","isMarketingViaSMSAllowed"
"208","2020-09-29T16:40:02","2020-09-29T16:40:02","NULL","110","105","Enter your street address","Street","NULL","0","2","street"
"209","2020-09-29T16:40:02","2020-09-29T16:40:02","NULL","110","105","Enter your residential suburb","Suburb","NULL","0","3","suburb"
"210","2020-09-29T16:40:02","2020-09-29T16:40:02","NULL","110","105","Enter your residential country","Country","NULL","0","4","country"
"211","2020-09-29T16:40:02","2020-09-29T16:40:02","NULL","110","105","Enter your residential postcode","Postcode","NULL","0","5","postcode"
"212","2020-09-29T16:40:02","2020-09-29T16:40:02","NULL","110","105","Enter your residential state","State","NULL","0","6","state"
"213","2020-09-29T16:40:02","2020-09-29T16:40:02","NULL","110","105","Enter your home phone number number","Home phone number","NULL","0","7","homePhoneNumber"
"214","2020-09-29T16:40:02","2020-09-29T16:40:02","NULL","110","105","Enter your work phone number number","Business phone number","NULL","0","8","businessPhoneNumber"
"215","2020-09-29T16:40:02","2020-09-29T16:40:02","NULL","110","105","Enter your fax number number","Fax number","NULL","0","9","faxNumber"
"216","2020-09-29T16:40:02","2020-09-29T16:40:02","NULL","110","105","Enter a 10 digit mobile phone number number","Mobile phone number","NULL","0","10","mobilePhoneNumber"
"217","2020-09-29T16:40:02","2020-09-29T16:40:02","NULL","110","105","Enter your date of birth in the format dd/mm/yyyy","Date of Birth","NULL","0","11","dateOfBirth"
"218","2020-09-29T16:40:02","2020-09-29T16:40:02","NULL","110","105","Enter your Gender","Gender","NULL","0","12","isMale"
"219","2020-09-29T16:40:02","2020-09-29T16:40:02","NULL","110","105","Enter your ABN","ABN","NULL","0","13","abn"
"220","2020-09-29T16:40:02","2020-09-29T16:40:02","NULL","110","105","Special dietary requirements, allergies, accessibility or medical considerations","Special dietary requirements, allergies, accessibility or medical considerations","NULL","0","14","specialNeeds"
"221","2020-09-29T16:40:02","2020-09-29T16:40:02","NULL","111","105","E-mail","E-mail","NULL","0","16","isMarketingViaEmailAllowed"
"222","2020-09-29T16:40:02","2020-09-29T16:40:02","NULL","111","105","Post","Post","NULL","0","17","isMarketingViaPostAllowed"
"223","2020-09-29T16:40:02","2020-09-29T16:40:02","NULL","111","105","SMS","SMS","NULL","0","18","isMarketingViaSMSAllowed"
"224","2020-09-29T16:40:02","2020-09-29T16:40:02","NULL","112","106","Enter your street address","Street","NULL","0","2","street"
"225","2020-09-29T16:40:02","2020-09-29T16:40:02","NULL","112","106","Enter your residential suburb","Suburb","NULL","0","3","suburb"
"226","2020-09-29T16:40:02","2020-09-29T16:40:02","NULL","112","106","Enter your residential country","Country","NULL","0","4","country"
"227","2020-09-29T16:40:02","2020-09-29T16:40:02","NULL","112","106","Enter your residential postcode","Postcode","NULL","0","5","postcode"
"228","2020-09-29T16:40:02","2020-09-29T16:40:02","NULL","112","106","Enter your residential state","State","NULL","0","6","state"
"229","2020-09-29T16:40:02","2020-09-29T16:40:02","NULL","112","106","Enter your home phone number number","Home phone number","NULL","0","7","homePhoneNumber"
"230","2020-09-29T16:40:02","2020-09-29T16:40:02","NULL","112","106","Enter your work phone number number","Business phone number","NULL","0","8","businessPhoneNumber"
"231","2020-09-29T16:40:02","2020-09-29T16:40:02","NULL","112","106","Enter your fax number number","Fax number","NULL","0","9","faxNumber"
"232","2020-09-29T16:40:02","2020-09-29T16:40:02","NULL","112","106","Enter a 10 digit mobile phone number number","Mobile phone number","NULL","0","10","mobilePhoneNumber"
"233","2020-09-29T16:40:02","2020-09-29T16:40:02","NULL","112","106","Enter your date of birth in the format dd/mm/yyyy","Date of Birth","NULL","0","11","dateOfBirth"
"234","2020-09-29T16:40:02","2020-09-29T16:40:02","NULL","112","106","Enter your Gender","Gender","NULL","0","12","isMale"
"235","2020-09-29T16:40:02","2020-09-29T16:40:02","NULL","112","106","Enter your ABN","ABN","NULL","0","13","abn"
"236","2020-09-29T16:40:02","2020-09-29T16:40:02","NULL","112","106","Special dietary requirements, allergies, accessibility or medical considerations","Special dietary requirements, allergies, accessibility or medical considerations","NULL","0","14","specialNeeds"
"237","2020-09-29T16:40:02","2020-09-29T16:40:02","NULL","113","106","E-mail","E-mail","NULL","0","16","isMarketingViaEmailAllowed"
"238","2020-09-29T16:40:02","2020-09-29T16:40:02","NULL","113","106","Post","Post","NULL","0","17","isMarketingViaPostAllowed"
"239","2020-09-29T16:40:02","2020-09-29T16:40:02","NULL","113","106","SMS","SMS","NULL","0","18","isMarketingViaSMSAllowed"
"240","2020-09-29T16:40:02","2020-09-29T16:40:02","NULL","114","107","Enter your street address","Street","NULL","0","2","street"
"241","2020-09-29T16:40:02","2020-09-29T16:40:02","NULL","114","107","Enter your residential suburb","Suburb","NULL","0","3","suburb"
"242","2020-09-29T16:40:02","2020-09-29T16:40:02","NULL","114","107","Enter your residential country","Country","NULL","0","4","country"
"243","2020-09-29T16:40:02","2020-09-29T16:40:02","NULL","114","107","Enter your residential postcode","Postcode","NULL","0","5","postcode"
"244","2020-09-29T16:40:02","2020-09-29T16:40:02","NULL","114","107","Enter your residential state","State","NULL","0","6","state"
"245","2020-09-29T16:40:02","2020-09-29T16:40:02","NULL","114","107","Enter your home phone number","Home phone number","NULL","0","7","homePhoneNumber"
"246","2020-09-29T16:40:02","2020-09-29T16:40:02","NULL","114","107","Enter your work phone number","Business phone number","NULL","0","8","businessPhoneNumber"
"247","2020-09-29T16:40:02","2020-09-29T16:40:02","NULL","114","107","Enter your fax number ","Fax number","NULL","0","9","faxNumber"
"248","2020-09-29T16:40:02","2020-09-29T16:40:02","NULL","114","107","Enter a 10 digit mobile phone number","Mobile phone","NULL","0","10","mobilePhoneNumber"
"249","2020-09-29T16:40:02","2020-09-29T16:40:02","NULL","114","107","Enter your date of birth in the format dd/mm/yyyy","Date of birth","NULL","0","11","dateOfBirth"
"250","2020-09-29T16:40:02","2020-09-29T16:40:02","NULL","114","107","Enter your gender","Gender","NULL","0","12","isMale"
"251","2020-09-29T16:40:02","2020-09-29T16:40:02","NULL","114","107","Special dietary requirements, allergies, accessibility or medical considerations","Special dietary requirements, allergies, accessibility or medical considerations","NULL","0","13","specialNeeds"
"252","2020-09-29T16:40:02","2020-09-29T16:40:02","NULL","115","107","E-mail","E-mail","NULL","0","15","isMarketingViaEmailAllowed"
"253","2020-09-29T16:40:02","2020-09-29T16:40:02","NULL","115","107","Post","Post","NULL","0","16","isMarketingViaPostAllowed"
"254","2020-09-29T16:40:02","2020-09-29T16:40:02","NULL","115","107","SMS","SMS","NULL","0","17","isMarketingViaSMSAllowed"
"255","2020-09-29T16:40:02","2020-09-29T16:40:02","NULL","116","108","Enter your street address","Street","NULL","0","2","street"
"256","2020-09-29T16:40:02","2020-09-29T16:40:02","NULL","116","108","Enter your residential suburb","Suburb","NULL","0","3","suburb"
"257","2020-09-29T16:40:02","2020-09-29T16:40:02","NULL","116","108","Enter your residential country","Country","NULL","0","4","country"
"258","2020-09-29T16:40:02","2020-09-29T16:40:02","NULL","116","108","Enter your residential postcode","Postcode","NULL","0","5","postcode"
"259","2020-09-29T16:40:02","2020-09-29T16:40:02","NULL","116","108","Enter your residential state","State","NULL","0","6","state"
"260","2020-09-29T16:40:02","2020-09-29T16:40:02","NULL","116","108","Enter your home phone number","Home phone number","NULL","0","7","homePhoneNumber"
"261","2020-09-29T16:40:02","2020-09-29T16:40:02","NULL","116","108","Enter your work phone number","Business phone number","NULL","0","8","businessPhoneNumber"
"262","2020-09-29T16:40:02","2020-09-29T16:40:02","NULL","116","108","Enter your fax number ","Fax number","NULL","0","9","faxNumber"
"263","2020-09-29T16:40:02","2020-09-29T16:40:02","NULL","116","108","Enter a 10 digit mobile phone number","Mobile phone","NULL","0","10","mobilePhoneNumber"
"264","2020-09-29T16:40:02","2020-09-29T16:40:02","NULL","116","108","Enter your date of birth in the format dd/mm/yyyy","Date of birth","NULL","0","11","dateOfBirth"
"265","2020-09-29T16:40:02","2020-09-29T16:40:02","NULL","116","108","Enter your gender","Gender","NULL","0","12","isMale"
"266","2020-09-29T16:40:02","2020-09-29T16:40:02","NULL","116","108","Special dietary requirements, allergies, accessibility or medical considerations","Special dietary requirements, allergies, accessibility or medical considerations","NULL","0","13","specialNeeds"
"267","2020-09-29T16:40:02","2020-09-29T16:40:02","NULL","117","108","E-mail","E-mail","NULL","0","15","isMarketingViaEmailAllowed"
"268","2020-09-29T16:40:02","2020-09-29T16:40:02","NULL","117","108","Post","Post","NULL","0","16","isMarketingViaPostAllowed"
"269","2020-09-29T16:40:02","2020-09-29T16:40:02","NULL","117","108","SMS","SMS","NULL","0","17","isMarketingViaSMSAllowed"
"270","2020-09-29T16:40:02","2020-09-29T16:40:02","NULL","118","109","Enter your street address","Street","NULL","1","2","street"
"271","2020-09-29T16:40:02","2020-09-29T16:40:02","NULL","118","109","Enter your residential suburb","Suburb","NULL","1","3","suburb"
"272","2020-09-29T16:40:02","2020-09-29T16:40:02","NULL","118","109","Enter your residential country","Country","NULL","1","4","country"
"273","2020-09-29T16:40:02","2020-09-29T16:40:02","NULL","118","109","Enter your residential postcode","Postcode","NULL","1","5","postcode"
"274","2020-09-29T16:40:02","2020-09-29T16:40:02","NULL","118","109","Enter your residential state","State","NULL","1","6","state"
"275","2020-09-29T16:40:02","2020-09-29T16:40:02","NULL","118","109","Enter your home phone number","Home phone number","NULL","0","7","homePhoneNumber"
"276","2020-09-29T16:40:02","2020-09-29T16:40:02","NULL","118","109","Enter your work phone number","Business phone number","NULL","0","8","businessPhoneNumber"
"277","2020-09-29T16:40:02","2020-09-29T16:40:02","NULL","118","109","Enter your fax number ","Fax number","NULL","0","9","faxNumber"
"278","2020-09-29T16:40:02","2020-09-29T16:40:02","NULL","118","109","Enter a 10 digit mobile phone number","Mobile phone","NULL","0","10","mobilePhoneNumber"
"279","2020-09-29T16:40:02","2020-09-29T16:40:02","NULL","118","109","Enter your date of birth in the format dd/mm/yyyy","Date of birth","NULL","1","11","dateOfBirth"
"280","2020-09-29T16:40:02","2020-09-29T16:40:02","NULL","118","109","Enter your gender","Gender","NULL","1","12","isMale"
"281","2020-09-29T16:40:02","2020-09-29T16:40:02","NULL","118","109","Special dietary requirements, allergies, accessibility or medical considerations","Special dietary requirements, allergies, accessibility or medical considerations","NULL","0","13","specialNeeds"
"282","2020-09-29T16:40:02","2020-09-29T16:40:02","NULL","119","109","E-mail","E-mail","NULL","0","15","isMarketingViaEmailAllowed"
"283","2020-09-29T16:40:02","2020-09-29T16:40:02","NULL","119","109","Post","Post","NULL","0","16","isMarketingViaPostAllowed"
"284","2020-09-29T16:40:02","2020-09-29T16:40:02","NULL","119","109","SMS","SMS","NULL","0","17","isMarketingViaSMSAllowed"
"285","2020-09-29T16:40:02","2020-09-29T16:40:02","NULL","120","109","In which country were you born?","Country of birth","NULL","0","19","countryOfBirth"
"286","2020-09-29T16:40:02","2020-09-29T16:40:02","NULL","120","109","What language do you normally speak at home?","Language spoken at home","NULL","0","20","languageHome"
"287","2020-09-29T16:40:02","2020-09-29T16:40:02","NULL","120","109","How well do you speak English?","English proficiency","NULL","0","21","englishProficiency"
"288","2020-09-29T16:40:02","2020-09-29T16:40:02","NULL","120","109","Are you of Aboriginal or Torres Strait Islander origin?","Indigenous status","NULL","0","22","indigenousStatus"
"289","2020-09-29T16:40:02","2020-09-29T16:40:02","NULL","120","109","What is your highest completed school level?","Highest school level","NULL","0","23","highestSchoolLevel"
"290","2020-09-29T16:40:02","2020-09-29T16:40:02","NULL","120","109","In which year did you complete that school level?","Year school completed","NULL","0","24","yearSchoolCompleted"
"291","2020-09-29T16:40:02","2020-09-29T16:40:02","NULL","120","109","Are you still attending secondary school?","Still at school","NULL","0","25","isStillAtSchool"
"292","2020-09-29T16:40:02","2020-09-29T16:40:02","NULL","120","109","What is the highest qualification level you have successfully completed?","Prior educational achievement","NULL","0","26","priorEducationCode"
"293","2020-09-29T16:40:02","2020-09-29T16:40:02","NULL","120","109","Which category best describes your current employment status?","Employment category","NULL","0","27","labourForceStatus"
"294","2020-09-29T16:40:02","2020-09-29T16:40:02","NULL","120","109","Do you consider yourself to have a disability, impairment or long-term condition?","Disability type","NULL","0","28","disabilityType"
"295","2020-09-29T16:40:02","2020-09-29T16:40:02","NULL","121","110","Enter your street address","Street","NULL","1","2","street"
"296","2020-09-29T16:40:02","2020-09-29T16:40:02","NULL","121","110","Enter your residential suburb","Suburb","NULL","1","3","suburb"
"297","2020-09-29T16:40:02","2020-09-29T16:40:02","NULL","121","110","Enter your residential country","Country","NULL","1","4","country"
"298","2020-09-29T16:40:02","2020-09-29T16:40:02","NULL","121","110","Enter your residential postcode","Postcode","NULL","1","5","postcode"
"299","2020-09-29T16:40:02","2020-09-29T16:40:02","NULL","121","110","Enter your residential state","State","NULL","1","6","state"
"300","2020-09-29T16:40:02","2020-09-29T16:40:02","NULL","121","110","Enter your home phone number","Home phone number","NULL","0","7","homePhoneNumber"
"301","2020-09-29T16:40:02","2020-09-29T16:40:02","NULL","121","110","Enter your work phone number","Business phone number","NULL","0","8","businessPhoneNumber"
"302","2020-09-29T16:40:02","2020-09-29T16:40:02","NULL","121","110","Enter your fax number ","Fax number","NULL","0","9","faxNumber"
"303","2020-09-29T16:40:02","2020-09-29T16:40:02","NULL","121","110","Enter a 10 digit mobile phone number","Mobile phone","NULL","0","10","mobilePhoneNumber"
"304","2020-09-29T16:40:02","2020-09-29T16:40:02","NULL","121","110","Enter your date of birth in the format dd/mm/yyyy","Date of birth","NULL","1","11","dateOfBirth"
"305","2020-09-29T16:40:02","2020-09-29T16:40:02","NULL","121","110","Enter your gender","Gender","NULL","1","12","isMale"
"306","2020-09-29T16:40:02","2020-09-29T16:40:02","NULL","121","110","Special dietary requirements, allergies, accessibility or medical considerations","Special dietary requirements, allergies, accessibility or medical considerations","NULL","0","13","specialNeeds"
"307","2020-09-29T16:40:02","2020-09-29T16:40:02","NULL","122","110","E-mail","E-mail","NULL","0","15","isMarketingViaEmailAllowed"
"308","2020-09-29T16:40:02","2020-09-29T16:40:02","NULL","122","110","Post","Post","NULL","0","16","isMarketingViaPostAllowed"
"309","2020-09-29T16:40:02","2020-09-29T16:40:02","NULL","122","110","SMS","SMS","NULL","0","17","isMarketingViaSMSAllowed"
"310","2020-09-29T16:40:02","2020-09-29T16:40:02","NULL","123","110","In which country were you born?","Country of birth","NULL","0","19","countryOfBirth"
"311","2020-09-29T16:40:02","2020-09-29T16:40:02","NULL","123","110","What language do you normally speak at home?","Language spoken at home","NULL","0","20","languageHome"
"312","2020-09-29T16:40:02","2020-09-29T16:40:02","NULL","123","110","How well do you speak English?","English proficiency","NULL","0","21","englishProficiency"
"313","2020-09-29T16:40:02","2020-09-29T16:40:02","NULL","123","110","Are you of Aboriginal or Torres Strait Islander origin?","Indigenous status","NULL","0","22","indigenousStatus"
"314","2020-09-29T16:40:02","2020-09-29T16:40:02","NULL","123","110","What is your highest completed school level?","Highest school level","NULL","0","23","highestSchoolLevel"
"315","2020-09-29T16:40:02","2020-09-29T16:40:02","NULL","123","110","In which year did you complete that school level?","Year school completed","NULL","0","24","yearSchoolCompleted"
"316","2020-09-29T16:40:02","2020-09-29T16:40:02","NULL","123","110","Are you still attending secondary school?","Still at school","NULL","0","25","isStillAtSchool"
"317","2020-09-29T16:40:02","2020-09-29T16:40:02","NULL","123","110","What is the highest qualification level you have successfully completed?","Prior educational achievement","NULL","0","26","priorEducationCode"
"318","2020-09-29T16:40:02","2020-09-29T16:40:02","NULL","123","110","Which category best describes your current employment status?","Employment category","NULL","0","27","labourForceStatus"
"319","2020-09-29T16:40:02","2020-09-29T16:40:02","NULL","123","110","Do you consider yourself to have a disability, impairment or long-term condition?","Disability type","NULL","0","28","disabilityType"
"320","2020-09-29T16:40:02","2020-09-29T16:40:02","NULL","124","111","Enter your residential suburb","Suburb","NULL","0","2","suburb"
"321","2020-09-29T16:40:02","2020-09-29T16:40:02","NULL","124","111","Enter your residential postcode","Postcode","NULL","0","3","postcode"
"322","2020-09-29T16:40:02","2020-09-29T16:40:02","NULL","124","111","Enter your residential state","State","NULL","0","4","state"
"323","2020-09-29T16:40:02","2020-09-29T16:40:02","NULL","124","111","Enter a 10 digit mobile phone number","Mobile phone","NULL","0","5","mobilePhoneNumber"
"324","2020-09-29T16:40:02","2020-09-29T16:40:02","NULL","125","112","Enter your residential suburb","Suburb","NULL","0","2","suburb"
"325","2020-09-29T16:40:02","2020-09-29T16:40:02","NULL","125","112","Enter your residential postcode","Postcode","NULL","0","3","postcode"
"326","2020-09-29T16:40:02","2020-09-29T16:40:02","NULL","125","112","Enter your residential state","State","NULL","0","4","state"
"327","2020-09-29T16:40:02","2020-09-29T16:40:02","NULL","125","112","Enter a 10 digit mobile phone number","Mobile phone","NULL","0","5","mobilePhoneNumber"
"328","2020-09-29T16:40:02","2020-09-29T16:40:02","NULL","126","113","Enter your street address","Street","NULL","0","2","street"
"329","2020-09-29T16:40:02","2020-09-29T16:40:02","NULL","126","113","Enter your residential suburb","Suburb","NULL","0","3","suburb"
"330","2020-09-29T16:40:02","2020-09-29T16:40:02","NULL","126","113","Enter your residential postcode","Postcode","NULL","0","4","postcode"
"331","2020-09-29T16:40:02","2020-09-29T16:40:02","NULL","126","113","Enter your residential state","State","NULL","0","5","state"
"332","2020-09-29T16:40:02","2020-09-29T16:40:02","NULL","126","113","Enter your residential country","Country","NULL","0","6","country"
"333","2020-09-29T16:40:02","2020-09-29T16:40:02","NULL","126","113","Enter your home phone number","Home phone number","NULL","0","7","homePhoneNumber"
"334","2020-09-29T16:40:02","2020-09-29T16:40:02","NULL","126","113","Enter your work phone number","Business phone number","NULL","0","8","businessPhoneNumber"
"335","2020-09-29T16:40:02","2020-09-29T16:40:02","NULL","126","113","Enter a 10 digit mobile phone number","Mobile phone","NULL","0","9","mobilePhoneNumber"
"336","2020-09-29T16:40:02","2020-09-29T16:40:02","NULL","126","113","Enter your date of birth in the format dd/mm/yyyy","Date of birth","NULL","0","10","dateOfBirth"
"337","2020-09-29T16:40:02","2020-09-29T16:40:02","NULL","127","114","Enter your street address","Street","NULL","0","2","street"
"338","2020-09-29T16:40:02","2020-09-29T16:40:02","NULL","127","114","Enter your residential suburb","Suburb","NULL","0","3","suburb"
"339","2020-09-29T16:40:02","2020-09-29T16:40:02","NULL","127","114","Enter your residential postcode","Postcode","NULL","0","4","postcode"
"340","2020-09-29T16:40:02","2020-09-29T16:40:02","NULL","127","114","Enter your residential state","State","NULL","0","5","state"
"341","2020-09-29T16:40:02","2020-09-29T16:40:02","NULL","127","114","Enter your residential country","Country","NULL","0","6","country"
"342","2020-09-29T16:40:02","2020-09-29T16:40:02","NULL","127","114","Enter your home phone number","Home phone number","NULL","0","7","homePhoneNumber"
"343","2020-09-29T16:40:02","2020-09-29T16:40:02","NULL","127","114","Enter your work phone number","Business phone number","NULL","0","8","businessPhoneNumber"
"344","2020-09-29T16:40:02","2020-09-29T16:40:02","NULL","127","114","Enter a 10 digit mobile phone number","Mobile phone","NULL","0","9","mobilePhoneNumber"
"345","2020-09-29T16:40:02","2020-09-29T16:40:02","NULL","127","114","Enter your date of birth in the format dd/mm/yyyy","Date of birth","NULL","0","10","dateOfBirth"
"346","2018-09-01T00:00:00","2018-09-01T00:00:00","NULL","NULL","-2","How likely do you recommend course to a friend?","Net promoter score","NULL","0","1","netPromoterScore"
"347","2018-09-01T00:00:00","2018-09-01T00:00:00","NULL","NULL","-2","Course score","Course rating","NULL","0","2","courseScore"
"348","2018-09-01T00:00:00","2018-09-01T00:00:00","NULL","NULL","-2","Venue score","Venue rating","NULL","0","3","venueScore"
"349","2018-09-01T00:00:00","2018-09-01T00:00:00","NULL","NULL","-2","Tutor score","Tutor rating","NULL","0","4","tutorScore"
"350","2018-09-01T00:00:00","2018-09-01T00:00:00","NULL","NULL","-2","Comment","Comment","NULL","0","5","comment"
